{"epoch": 2436, "time_epoch": 19.06016, "time_epoch_std": 0.0, "eta": 1185.27141, "eta_std": 0.0, "eta_hours": 0.32924, "eta_hours_std": 0.0, "loss": 0.35117, "loss_std": 0.0, "lr": 1e-05, "lr_std": 0.0, "params": 10340429.0, "params_std": 0.0, "time_iter": 0.1214, "time_iter_std": 0.0, "mae": 0.35117, "mae_std": 0.0, "r2": 0.79093, "r2_std": 0.0, "spearmanr": 0.95444, "spearmanr_std": 0.0, "mse": 0.84535, "mse_std": 0.0, "rmse": 0.91943, "rmse_std": 0.0}
