{"epoch": 96, "time_epoch": 985.3275, "time_epoch_std": 0.0, "eta": 2951.18816, "eta_std": 0.0, "eta_hours": 0.81977, "eta_hours_std": 0.0, "loss": 0.06602, "loss_std": 0.0, "lr": 0.0, "lr_std": 0.0, "params": 6155089.0, "params_std": 0.0, "time_iter": 0.07813, "time_iter_std": 0.0, "mae": 0.06602, "mae_std": 0.0, "r2": 0.98846, "r2_std": 0.0, "spearmanr": 0.99381, "spearmanr_std": 0.0, "mse": 0.01559, "mse_std": 0.0, "rmse": 0.12484, "rmse_std": 0.0}
