{"epoch": 1548, "time_epoch": 39.18678, "time_epoch_std": 0.0, "eta": 16102.99084, "eta_std": 0.0, "eta_hours": 4.47305, "eta_hours_std": 0.0, "loss": 0.03359, "loss_std": 0.0, "lr": 0.00013, "lr_std": 0.0, "params": 2503885.0, "params_std": 0.0, "time_iter": 0.2496, "time_iter_std": 0.0, "mae": 0.03359, "mae_std": 0.0, "r2": 0.99945, "r2_std": 0.0, "spearmanr": 0.99966, "spearmanr_std": 0.0, "mse": 0.00224, "mse_std": 0.0, "rmse": 0.04737, "rmse_std": 0.0}
