{
  "10": {
    "avg_global": 0.000487518310546875,
    "avg_local": 0.0008579730987548828,
    "total": 0.022586822509765625
  },
  "11": {
    "avg_global": 0.0004741668701171875,
    "avg_local": 0.0007004976272583008,
    "total": 0.02097606658935547
  },
  "12": {
    "avg_global": 0.0004624366760253906,
    "avg_local": 0.000687265396118164,
    "total": 0.02051067352294922
  },
  "13": {
    "avg_global": 0.0004680633544921875,
    "avg_local": 0.0007271289825439454,
    "total": 0.020992755889892578
  },
  "14": {
    "avg_global": 0.0004784345626831055,
    "avg_local": 0.0007171154022216797,
    "total": 0.02129077911376953
  },
  "15": {
    "avg_global": 0.0004655361175537109,
    "avg_local": 0.0007310390472412109,
    "total": 0.0210416316986084
  },
  "16": {
    "avg_global": 0.00047686100006103513,
    "avg_local": 0.000728774070739746,
    "total": 0.021292448043823242
  },
  "17": {
    "avg_global": 0.000508260726928711,
    "avg_local": 0.0007223844528198242,
    "total": 0.02148604393005371
  },
  "19": {
    "avg_global": 0.0005146980285644532,
    "avg_local": 0.0007045984268188477,
    "total": 0.02132248878479004
  },
  "20": {
    "avg_global": 0.000516200065612793,
    "avg_local": 0.0007383823394775391,
    "total": 0.021679162979125977
  },
  "21": {
    "avg_global": 0.0005080461502075196,
    "avg_local": 0.0007215261459350586,
    "total": 0.021619319915771484
  },
  "22": {
    "avg_global": 0.0005057811737060547,
    "avg_local": 0.0007085800170898438,
    "total": 0.021315574645996094
  },
  "23": {
    "avg_global": 0.0005125522613525391,
    "avg_local": 0.0007677316665649414,
    "total": 0.022072553634643555
  },
  "24": {
    "avg_global": 0.0005120515823364257,
    "avg_local": 0.0007461071014404297,
    "total": 0.021857738494873047
  },
  "25": {
    "avg_global": 0.0005116939544677734,
    "avg_local": 0.0007205724716186524,
    "total": 0.021515369415283203
  },
  "26": {
    "avg_global": 0.0005170822143554688,
    "avg_local": 0.0007255077362060547,
    "total": 0.021790742874145508
  },
  "27": {
    "avg_global": 0.0005212068557739258,
    "avg_local": 0.0007198333740234375,
    "total": 0.021664857864379883
  },
  "28": {
    "avg_global": 0.0005076885223388672,
    "avg_local": 0.0007140636444091797,
    "total": 0.02133011817932129
  },
  "29": {
    "avg_global": 0.0005164146423339844,
    "avg_local": 0.000718379020690918,
    "total": 0.021856307983398438
  },
  "30": {
    "avg_global": 0.0005178213119506836,
    "avg_local": 0.000735020637512207,
    "total": 0.022240161895751953
  },
  "31": {
    "avg_global": 0.0005074501037597656,
    "avg_local": 0.0007314920425415039,
    "total": 0.021996259689331055
  },
  "32": {
    "avg_global": 0.0005095005035400391,
    "avg_local": 0.0007760763168334961,
    "total": 0.022371292114257812
  },
  "33": {
    "avg_global": 0.0004934549331665039,
    "avg_local": 0.0007364749908447266,
    "total": 0.022286415100097656
  },
  "34": {
    "avg_global": 0.000496983528137207,
    "avg_local": 0.000721430778503418,
    "total": 0.022103071212768555
  },
  "35": {
    "avg_global": 0.0005126953125,
    "avg_local": 0.000726628303527832,
    "total": 0.022307157516479492
  },
  "36": {
    "avg_global": 0.0004997968673706055,
    "avg_local": 0.000714564323425293,
    "total": 0.02170276641845703
  },
  "37": {
    "avg_global": 0.000504612922668457,
    "avg_local": 0.000727701187133789,
    "total": 0.022460460662841797
  },
  "38": {
    "avg_global": 0.0004981517791748047,
    "avg_local": 0.0007316827774047852,
    "total": 0.02258133888244629
  },
  "39": {
    "avg_global": 0.0005116939544677734,
    "avg_local": 0.0007117986679077148,
    "total": 0.023040056228637695
  },
  "40": {
    "avg_global": 0.0005144119262695312,
    "avg_local": 0.0007701635360717774,
    "total": 0.02332162857055664
  },
  "41": {
    "avg_global": 0.0005100011825561523,
    "avg_local": 0.0007301807403564453,
    "total": 0.027046918869018555
  },
  "42": {
    "avg_global": 0.000507354736328125,
    "avg_local": 0.0007228851318359375,
    "total": 0.02342391014099121
  },
  "43": {
    "avg_global": 0.0004993677139282227,
    "avg_local": 0.0007511377334594727,
    "total": 0.023892641067504883
  },
  "44": {
    "avg_global": 0.0005094528198242188,
    "avg_local": 0.0007283926010131836,
    "total": 0.02345418930053711
  },
  "45": {
    "avg_global": 0.0005138397216796875,
    "avg_local": 0.0007210254669189453,
    "total": 0.024087905883789062
  },
  "46": {
    "avg_global": 0.0004973173141479492,
    "avg_local": 0.0007346153259277343,
    "total": 0.024237871170043945
  },
  "48": {
    "avg_global": 0.0005043983459472656,
    "avg_local": 0.0007270097732543946,
    "total": 0.02394413948059082
  },
  "49": {
    "avg_global": 0.0005056142807006836,
    "avg_local": 0.0007400274276733399,
    "total": 0.024320602416992188
  },
  "50": {
    "avg_global": 0.0004944801330566406,
    "avg_local": 0.0007992744445800781,
    "total": 0.02559494972229004
  },
  "51": {
    "avg_global": 0.0004964590072631836,
    "avg_local": 0.0007219552993774414,
    "total": 0.02442193031311035
  }
}