{
    "18": [
        {
            "local_mp": 0.8576653003692627,
            "global_mp": 0.0009968280792236328,
            "attention_ops": {
                "qk": 0.00011181831359863281,
                "softmax": 7.748603820800781e-05,
                "av": 5.030632019042969e-05
            }
        }
    ],
    "17": [
        {
            "local_mp": 0.0010759830474853516,
            "global_mp": 0.0005338191986083984,
            "attention_ops": {
                "qk": 4.3392181396484375e-05,
                "softmax": 2.193450927734375e-05,
                "av": 4.100799560546875e-05
            }
        }
    ],
    "16": [
        {
            "local_mp": 0.0008096694946289062,
            "global_mp": 0.0005238056182861328,
            "attention_ops": {
                "qk": 4.2438507080078125e-05,
                "softmax": 2.2649765014648438e-05,
                "av": 3.9577484130859375e-05
            }
        }
    ],
    "15": [
        {
            "local_mp": 0.0007917881011962891,
            "global_mp": 0.0005030632019042969,
            "attention_ops": {
                "qk": 4.124641418457031e-05,
                "softmax": 1.8358230590820312e-05,
                "av": 3.62396240234375e-05
            }
        }
    ],
    "14": [
        {
            "local_mp": 0.000812530517578125,
            "global_mp": 0.0005235671997070312,
            "attention_ops": {
                "qk": 4.076957702636719e-05,
                "softmax": 1.9311904907226562e-05,
                "av": 3.8623809814453125e-05
            }
        }
    ],
    "13": [
        {
            "local_mp": 0.0007719993591308594,
            "global_mp": 0.0004892349243164062,
            "attention_ops": {
                "qk": 3.886222839355469e-05,
                "softmax": 1.7404556274414062e-05,
                "av": 3.5762786865234375e-05
            }
        }
    ],
    "11": [
        {
            "local_mp": 0.0007658004760742188,
            "global_mp": 0.0005202293395996094,
            "attention_ops": {
                "qk": 3.981590270996094e-05,
                "softmax": 1.8835067749023438e-05,
                "av": 3.743171691894531e-05
            }
        }
    ],
    "12": [
        {
            "local_mp": 0.0008563995361328125,
            "global_mp": 0.0005719661712646484,
            "attention_ops": {
                "qk": 4.506111145019531e-05,
                "softmax": 2.09808349609375e-05,
                "av": 4.172325134277344e-05
            }
        }
    ],
    "10": [
        {
            "local_mp": 0.0007753372192382812,
            "global_mp": 0.0005211830139160156,
            "attention_ops": {
                "qk": 4.1961669921875e-05,
                "softmax": 1.8358230590820312e-05,
                "av": 3.9577484130859375e-05
            }
        }
    ],
    "20": [
        {
            "local_mp": 0.0007834434509277344,
            "global_mp": 0.00048732757568359375,
            "attention_ops": {
                "qk": 3.7670135498046875e-05,
                "softmax": 1.6450881958007812e-05,
                "av": 3.4332275390625e-05
            }
        }
    ],
    "19": [
        {
            "local_mp": 0.0011856555938720703,
            "global_mp": 0.0005125999450683594,
            "attention_ops": {
                "qk": 3.910064697265625e-05,
                "softmax": 1.7404556274414062e-05,
                "av": 3.600120544433594e-05
            }
        }
    ],
    "21": [
        {
            "local_mp": 0.0011749267578125,
            "global_mp": 0.0010023117065429688,
            "attention_ops": {
                "qk": 0.00030732154846191406,
                "softmax": 1.9550323486328125e-05,
                "av": 4.76837158203125e-05
            }
        }
    ],
    "23": [
        {
            "local_mp": 0.0007851123809814453,
            "global_mp": 0.0009760856628417969,
            "attention_ops": {
                "qk": 0.0002918243408203125,
                "softmax": 1.9550323486328125e-05,
                "av": 4.8160552978515625e-05
            }
        }
    ],
    "22": [
        {
            "local_mp": 0.0007860660552978516,
            "global_mp": 0.0005316734313964844,
            "attention_ops": {
                "qk": 4.029273986816406e-05,
                "softmax": 1.811981201171875e-05,
                "av": 3.933906555175781e-05
            }
        }
    ],
    "24": [
        {
            "local_mp": 0.0007770061492919922,
            "global_mp": 0.00048828125,
            "attention_ops": {
                "qk": 3.695487976074219e-05,
                "softmax": 1.7642974853515625e-05,
                "av": 3.457069396972656e-05
            }
        }
    ],
    "25": [
        {
            "local_mp": 0.0008046627044677734,
            "global_mp": 0.0013279914855957031,
            "attention_ops": {
                "qk": 0.0004482269287109375,
                "softmax": 2.6226043701171875e-05,
                "av": 5.030632019042969e-05
            }
        }
    ],
    "26": [
        {
            "local_mp": 0.0007886886596679688,
            "global_mp": 0.0008060932159423828,
            "attention_ops": {
                "qk": 3.8623809814453125e-05,
                "softmax": 1.9788742065429688e-05,
                "av": 3.886222839355469e-05
            }
        }
    ],
    "32": [
        {
            "local_mp": 0.0009121894836425781,
            "global_mp": 0.0011167526245117188,
            "attention_ops": {
                "qk": 0.00033783912658691406,
                "softmax": 2.288818359375e-05,
                "av": 3.981590270996094e-05
            }
        }
    ],
    "35": [
        {
            "local_mp": 0.0009069442749023438,
            "global_mp": 0.0011467933654785156,
            "attention_ops": {
                "qk": 0.00035953521728515625,
                "softmax": 2.0265579223632812e-05,
                "av": 4.0531158447265625e-05
            }
        }
    ],
    "28": [
        {
            "local_mp": 0.0009148120880126953,
            "global_mp": 0.0005793571472167969,
            "attention_ops": {
                "qk": 6.246566772460938e-05,
                "softmax": 2.1457672119140625e-05,
                "av": 4.315376281738281e-05
            }
        }
    ],
    "34": [
        {
            "local_mp": 0.0008821487426757812,
            "global_mp": 0.0005328655242919922,
            "attention_ops": {
                "qk": 4.410743713378906e-05,
                "softmax": 1.9311904907226562e-05,
                "av": 3.981590270996094e-05
            }
        }
    ],
    "27": [
        {
            "local_mp": 0.0007867813110351562,
            "global_mp": 0.0005252361297607422,
            "attention_ops": {
                "qk": 4.172325134277344e-05,
                "softmax": 1.811981201171875e-05,
                "av": 3.8623809814453125e-05
            }
        }
    ],
    "31": [
        {
            "local_mp": 0.0007793903350830078,
            "global_mp": 0.0004904270172119141,
            "attention_ops": {
                "qk": 3.886222839355469e-05,
                "softmax": 1.6450881958007812e-05,
                "av": 3.62396240234375e-05
            }
        }
    ],
    "30": [
        {
            "local_mp": 0.0008592605590820312,
            "global_mp": 0.0004901885986328125,
            "attention_ops": {
                "qk": 3.886222839355469e-05,
                "softmax": 1.71661376953125e-05,
                "av": 3.695487976074219e-05
            }
        }
    ],
    "37": [
        {
            "local_mp": 0.0007889270782470703,
            "global_mp": 0.0012552738189697266,
            "attention_ops": {
                "qk": 0.00046944618225097656,
                "softmax": 1.9788742065429688e-05,
                "av": 4.124641418457031e-05
            }
        }
    ],