{}{"18": [{"local_mp": 0.855926513671875, "global_mp": 0.000997781753540039}], "17": [{"local_mp": 0.0011241436004638672, "global_mp": 0.0005946159362792969}], "16": [{"local_mp": 0.0008413791656494141, "global_mp": 0.0005762577056884766}], "15": [{"local_mp": 0.0008153915405273438, "global_mp": 0.0005140304565429688}], "14": [{"local_mp": 0.0007927417755126953, "global_mp": 0.0005261898040771484}], "13": [{"local_mp": 0.0007946491241455078, "global_mp": 0.0005030632019042969}], "11": [{"local_mp": 0.000782012939453125, "global_mp": 0.0004999637603759766}], "12": [{"local_mp": 0.0008680820465087891, "global_mp": 0.0005290508270263672}], "10": [{"local_mp": 0.0007791519165039062, "global_mp": 0.0004956722259521484}], "20": [{"local_mp": 0.0007901191711425781, "global_mp": 0.0005018711090087891}], "19": [{"local_mp": 0.0012674331665039062, "global_mp": 0.0005295276641845703}], "21": [{"local_mp": 0.0012004375457763672, "global_mp": 0.0009777545928955078}], "23": [{"local_mp": 0.0007817745208740234, "global_mp": 0.0010111331939697266}], "22": [{"local_mp": 0.0007927417755126953, "global_mp": 0.0005276203155517578}], "24": [{"local_mp": 0.0007843971252441406, "global_mp": 0.0005075931549072266}], "25": [{"local_mp": 0.000885009765625, "global_mp": 0.0012090206146240234}], "26": [{"local_mp": 0.0008075237274169922, "global_mp": 0.000820159912109375}], "32": [{"local_mp": 0.0009081363677978516, "global_mp": 0.0011196136474609375}], "35": [{"local_mp": 0.0008814334869384766, "global_mp": 0.001077413558959961}], "28": [{"local_mp": 0.0008821487426757812, "global_mp": 0.0005860328674316406}], "34": [{"local_mp": 0.0008845329284667969, "global_mp": 0.0006098747253417969}], "27": [{"local_mp": 0.0007905960083007812, "global_mp": 0.0005435943603515625}], "31": [{"local_mp": 0.0009012222290039062, "global_mp": 0.0005354881286621094}], "30": [{"local_mp": 0.0007963180541992188, "global_mp": 0.0005481243133544922}], "37": [{"local_mp": 0.0007979869842529297, "global_mp": 0.0012464523315429688}], "29": [{"local_mp": 0.0008015632629394531, "global_mp": 0.0005679130554199219}], "33": [{"local_mp": 0.0007958412170410156, "global_mp": 0.0005080699920654297}], "40": [{"local_mp": 0.0008053779602050781, "global_mp": 0.0012061595916748047}], "39": [{"local_mp": 0.00080108642578125, "global_mp": 0.0008730888366699219}], "38": [{"local_mp": 0.0007936954498291016, "global_mp": 0.00054168701171875}], "36": [{"local_mp": 0.0007963180541992188, "global_mp": 0.000514984130859375}], "41": [{"local_mp": 0.0008180141448974609, "global_mp": 0.0012271404266357422}], "43": [{"local_mp": 0.0008056163787841797, "global_mp": 0.0011477470397949219}], "44": [{"local_mp": 0.0008056163787841797, "global_mp": 0.0008652210235595703}], "48": [{"local_mp": 0.0007877349853515625, "global_mp": 0.0010912418365478516}], "42": [{"local_mp": 0.0008358955383300781, "global_mp": 0.0005853176116943359}], "51": [{"local_mp": 0.0008020401000976562, "global_mp": 0.0012309551239013672}], "45": [{"local_mp": 0.0008118152618408203, "global_mp": 0.0005478858947753906}], "50": [{"local_mp": 0.0008027553558349609, "global_mp": 0.0005695819854736328}], "46": [{"local_mp": 0.0008165836334228516, "global_mp": 0.0005655288696289062}], "49": [{"local_mp": 0.0008738040924072266, "global_mp": 0.0005662441253662109}]}