{"18": [{"local_mp": 0.863178014755249, "global_mp": 0.0009729862213134766, "attention_ops": {"qk": 0.00010371208190917969, "softmax": 6.723403930664062e-05, "av": 5.316734313964844e-05}}], "17": [{"local_mp": 0.0011179447174072266, "global_mp": 0.0005495548248291016, "attention_ops": {"qk": 4.7206878662109375e-05, "softmax": 2.0265579223632812e-05, "av": 4.5299530029296875e-05}}], "16": [{"local_mp": 0.0008308887481689453, "global_mp": 0.0005481243133544922, "attention_ops": {"qk": 4.506111145019531e-05, "softmax": 2.0503997802734375e-05, "av": 4.4345855712890625e-05}}], "15": [{"local_mp": 0.0008130073547363281, "global_mp": 0.0005195140838623047, "attention_ops": {"qk": 4.220008850097656e-05, "softmax": 1.9550323486328125e-05, "av": 4.2438507080078125e-05}}], "14": [{"local_mp": 0.0007905960083007812, "global_mp": 0.0005826950073242188, "attention_ops": {"qk": 4.315376281738281e-05, "softmax": 1.8596649169921875e-05, "av": 4.76837158203125e-05}}], "13": [{"local_mp": 0.0007967948913574219, "global_mp": 0.0005440711975097656, "attention_ops": {"qk": 4.3392181396484375e-05, "softmax": 1.9311904907226562e-05, "av": 4.2438507080078125e-05}}], "11": [{"local_mp": 0.0007903575897216797, "global_mp": 0.0005061626434326172, "attention_ops": {"qk": 3.933906555175781e-05, "softmax": 1.7642974853515625e-05, "av": 3.981590270996094e-05}}], "12": [{"local_mp": 0.0008842945098876953, "global_mp": 0.0006163120269775391, "attention_ops": {"qk": 4.649162292480469e-05, "softmax": 2.002716064453125e-05, "av": 4.6253204345703125e-05}}], "10": [{"local_mp": 0.0007886886596679688, "global_mp": 0.0005230903625488281, "attention_ops": {"qk": 3.9577484130859375e-05, "softmax": 1.7404556274414062e-05, "av": 3.838539123535156e-05}}], "20": [{"local_mp": 0.0007996559143066406, "global_mp": 0.0005130767822265625, "attention_ops": {"qk": 4.9114227294921875e-05, "softmax": 1.6689300537109375e-05, "av": 3.933906555175781e-05}}], "19": [{"local_mp": 0.0012907981872558594, "global_mp": 0.0005385875701904297, "attention_ops": {"qk": 4.315376281738281e-05, "softmax": 1.8358230590820312e-05, "av": 4.291534423828125e-05}}], "21": [{"local_mp": 0.001190185546875, "global_mp": 0.0010528564453125, "attention_ops": {"qk": 0.0003120899200439453, "softmax": 2.1219253540039062e-05, "av": 4.363059997558594e-05}}], "23": [{"local_mp": 0.0007960796356201172, "global_mp": 0.001043558120727539, "attention_ops": {"qk": 0.0002646446228027344, "softmax": 2.288818359375e-05, "av": 4.267692565917969e-05}}], "22": [{"local_mp": 0.00079345703125, "global_mp": 0.00051116943359375, "attention_ops": {"qk": 4.00543212890625e-05, "softmax": 1.6689300537109375e-05, "av": 3.790855407714844e-05}}], "24": [{"local_mp": 0.0007922649383544922, "global_mp": 0.0004961490631103516, "attention_ops": {"qk": 3.838539123535156e-05, "softmax": 1.6927719116210938e-05, "av": 3.719329833984375e-05}}], "25": [{"local_mp": 0.0009372234344482422, "global_mp": 0.0011980533599853516, "attention_ops": {"qk": 0.00044727325439453125, "softmax": 2.09808349609375e-05, "av": 4.410743713378906e-05}}], "26": [{"local_mp": 0.0008006095886230469, "global_mp": 0.0008723735809326172, "attention_ops": {"qk": 4.3392181396484375e-05, "softmax": 2.2172927856445312e-05, "av": 4.553794860839844e-05}}], "32": [{"local_mp": 0.0009160041809082031, "global_mp": 0.0011425018310546875, "attention_ops": {"qk": 0.0003597736358642578, "softmax": 2.0503997802734375e-05, "av": 4.4345855712890625e-05}}], "35": [{"local_mp": 0.0009050369262695312, "global_mp": 0.0011103153228759766, "attention_ops": {"qk": 0.0003383159637451172, "softmax": 2.0265579223632812e-05, "av": 4.363059997558594e-05}}], "28": [{"local_mp": 0.0009348392486572266, "global_mp": 0.0005908012390136719, "attention_ops": {"qk": 4.601478576660156e-05, "softmax": 2.0503997802734375e-05, "av": 4.649162292480469e-05}}], "34": [{"local_mp": 0.0008981227874755859, "global_mp": 0.0005962848663330078, "attention_ops": {"qk": 5.1975250244140625e-05, "softmax": 2.2172927856445312e-05, "av": 4.315376281738281e-05}}], "27": [{"local_mp": 0.0007946491241455078, "global_mp": 0.0006003379821777344, "attention_ops": {"qk": 5.817413330078125e-05, "softmax": 1.9311904907226562e-05, "av": 4.291534423828125e-05}}], "31": [{"local_mp": 0.0008962154388427734, "global_mp": 0.0005192756652832031, "attention_ops": {"qk": 4.267692565917969e-05, "softmax": 1.7642974853515625e-05, "av": 4.124641418457031e-05}}], "30": [{"local_mp": 0.0007982254028320312, "global_mp": 0.0005130767822265625, "attention_ops": {"qk": 4.172325134277344e-05, "softmax": 1.8358230590820312e-05, "av": 3.910064697265625e-05}}], "37": [{"local_mp": 0.0009043216705322266, "global_mp": 0.0011949539184570312, "attention_ops": {"qk": 0.0004425048828125, "softmax": 2.193450927734375e-05, "av": 4.5299530029296875e-05}}], "29": [{"local_mp": 0.0008149147033691406, "global_mp": 0.0005195140838623047, "attention_ops": {"qk": 4.100799560546875e-05, "softmax": 1.8358230590820312e-05, "av": 4.00543212890625e-05}}], "33": [{"local_mp": 0.0008041858673095703, "global_mp": 0.0005977153778076172, "attention_ops": {"qk": 4.887580871582031e-05, "softmax": 2.1696090698242188e-05, "av": 4.649162292480469e-05}}], "40": [{"local_mp": 0.0008089542388916016, "global_mp": 0.0011959075927734375, "attention_ops": {"qk": 0.00043845176696777344, "softmax": 2.1696090698242188e-05, "av": 4.673004150390625e-05}}], "39": [{"local_mp": 0.0008096694946289062, "global_mp": 0.0008955001831054688, "attention_ops": {"qk": 4.291534423828125e-05, "softmax": 2.193450927734375e-05, "av": 4.9114227294921875e-05}}], "38": [{"local_mp": 0.0008151531219482422, "global_mp": 0.000545501708984375, "attention_ops": {"qk": 4.38690185546875e-05, "softmax": 2.002716064453125e-05, "av": 4.291534423828125e-05}}], "36": [{"local_mp": 0.0008034706115722656, "global_mp": 0.0005438327789306641, "attention_ops": {"qk": 4.267692565917969e-05, "softmax": 1.9788742065429688e-05, "av": 4.4345855712890625e-05}}], "41": [{"local_mp": 0.00081634521484375, "global_mp": 0.0012159347534179688, "attention_ops": {"qk": 0.00044798851013183594, "softmax": 2.2172927856445312e-05, "av": 4.649162292480469e-05}}], "43": [{"local_mp": 0.0008130073547363281, "global_mp": 0.0011763572692871094, "attention_ops": {"qk": 0.0003757476806640625, "softmax": 2.3603439331054688e-05, "av": 4.863739013671875e-05}}], "44": [{"local_mp": 0.0008175373077392578, "global_mp": 0.0009317398071289062, "attention_ops": {"qk": 4.887580871582031e-05, "softmax": 2.384185791015625e-05, "av": 5.054473876953125e-05}}], "48": [{"local_mp": 0.0008063316345214844, "global_mp": 0.00119781494140625, "attention_ops": {"qk": 0.0004086494445800781, "softmax": 2.4080276489257812e-05, "av": 4.839897155761719e-05}}], "42": [{"local_mp": 0.0008254051208496094, "global_mp": 0.0005676746368408203, "attention_ops": {"qk": 4.6253204345703125e-05, "softmax": 2.1457672119140625e-05, "av": 4.792213439941406e-05}}], "51": [{"local_mp": 0.0008349418640136719, "global_mp": 0.0012524127960205078, "attention_ops": {"qk": 0.0004558563232421875, "softmax": 2.4080276489257812e-05, "av": 5.030632019042969e-05}}], "45": [{"local_mp": 0.0008177757263183594, "global_mp": 0.0005731582641601562, "attention_ops": {"qk": 4.673004150390625e-05, "softmax": 2.2411346435546875e-05, "av": 5.745887756347656e-05}}], "50": [{"local_mp": 0.0008749961853027344, "global_mp": 0.0005486011505126953, "attention_ops": {"qk": 4.506111145019531e-05, "softmax": 2.1457672119140625e-05, "av": 4.553794860839844e-05}}], "46": [{"local_mp": 0.0008180141448974609, "global_mp": 0.0005786418914794922, "attention_ops": {"qk": 4.8160552978515625e-05, "softmax": 2.3126602172851562e-05, "av": 4.887580871582031e-05}}], "49": [{"local_mp": 0.0008714199066162109, "global_mp": 0.0005915164947509766, "attention_ops": {"qk": 5.2928924560546875e-05, "softmax": 2.4557113647460938e-05, "av": 5.125999450683594e-05}}]}