{"18": {"qk": 0.00010085105895996094, "softmax": 7.152557373046875e-05, "av": 4.57763671875e-05}, "17": {"qk": 5.412101745605469e-05, "softmax": 2.384185791015625e-05, "av": 4.5299530029296875e-05}, "16": {"qk": 5.14984130859375e-05, "softmax": 2.4557113647460938e-05, "av": 4.4345855712890625e-05}, "15": {"qk": 5.269050598144531e-05, "softmax": 2.86102294921875e-05, "av": 4.887580871582031e-05}, "14": {"qk": 4.7206878662109375e-05, "softmax": 2.002716064453125e-05, "av": 4.2438507080078125e-05}, "13": {"qk": 4.673004150390625e-05, "softmax": 1.8835067749023438e-05, "av": 3.9577484130859375e-05}, "11": {"qk": 4.458427429199219e-05, "softmax": 1.9311904907226562e-05, "av": 4.076957702636719e-05}, "12": {"qk": 4.863739013671875e-05, "softmax": 2.1219253540039062e-05, "av": 5.221366882324219e-05}, "10": {"qk": 4.2438507080078125e-05, "softmax": 1.8596649169921875e-05, "av": 3.8623809814453125e-05}, "20": {"qk": 4.220008850097656e-05, "softmax": 1.811981201171875e-05, "av": 3.838539123535156e-05}, "19": {"qk": 4.124641418457031e-05, "softmax": 1.7642974853515625e-05, "av": 3.790855407714844e-05}, "21": {"qk": 3.933906555175781e-05, "softmax": 1.7404556274414062e-05, "av": 3.647804260253906e-05}, "23": {"qk": 3.9577484130859375e-05, "softmax": 1.6927719116210938e-05, "av": 3.5762786865234375e-05}, "22": {"qk": 4.220008850097656e-05, "softmax": 1.6927719116210938e-05, "av": 3.6716461181640625e-05}, "24": {"qk": 4.00543212890625e-05, "softmax": 1.621246337890625e-05, "av": 3.62396240234375e-05}, "25": {"qk": 3.981590270996094e-05, "softmax": 1.52587890625e-05, "av": 5.316734313964844e-05}, "26": {"qk": 4.1484832763671875e-05, "softmax": 1.5974044799804688e-05, "av": 3.790855407714844e-05}, "32": {"qk": 3.9577484130859375e-05, "softmax": 1.5974044799804688e-05, "av": 3.790855407714844e-05}, "35": {"qk": 3.933906555175781e-05, "softmax": 1.5974044799804688e-05, "av": 3.552436828613281e-05}, "28": {"qk": 3.886222839355469e-05, "softmax": 1.52587890625e-05, "av": 3.62396240234375e-05}, "34": {"qk": 3.743171691894531e-05, "softmax": 1.5974044799804688e-05, "av": 3.3855438232421875e-05}, "27": {"qk": 4.291534423828125e-05, "softmax": 1.6927719116210938e-05, "av": 3.910064697265625e-05}, "31": {"qk": 4.0531158447265625e-05, "softmax": 1.5974044799804688e-05, "av": 3.743171691894531e-05}, "30": {"qk": 3.838539123535156e-05, "softmax": 1.5974044799804688e-05, "av": 3.504753112792969e-05}, "37": {"qk": 3.886222839355469e-05, "softmax": 2.5987625122070312e-05, "av": 3.647804260253906e-05}, "29": {"qk": 3.933906555175781e-05, "softmax": 1.5497207641601562e-05, "av": 3.457069396972656e-05}, "33": {"qk": 3.8623809814453125e-05, "softmax": 1.5735626220703125e-05, "av": 3.2901763916015625e-05}, "40": {"qk": 4.267692565917969e-05, "softmax": 1.7404556274414062e-05, "av": 3.743171691894531e-05}, "39": {"qk": 3.886222839355469e-05, "softmax": 1.5974044799804688e-05, "av": 3.5762786865234375e-05}, "38": {"qk": 3.8623809814453125e-05, "softmax": 1.7881393432617188e-05, "av": 3.9577484130859375e-05}, "36": {"qk": 4.076957702636719e-05, "softmax": 1.5974044799804688e-05, "av": 3.4809112548828125e-05}, "41": {"qk": 3.8623809814453125e-05, "softmax": 1.52587890625e-05, "av": 3.504753112792969e-05}, "43": {"qk": 4.0531158447265625e-05, "softmax": 1.6689300537109375e-05, "av": 3.62396240234375e-05}, "44": {"qk": 3.8623809814453125e-05, "softmax": 1.4781951904296875e-05, "av": 3.5762786865234375e-05}, "48": {"qk": 4.076957702636719e-05, "softmax": 1.5497207641601562e-05, "av": 3.5762786865234375e-05}, "42": {"qk": 4.172325134277344e-05, "softmax": 1.6450881958007812e-05, "av": 3.6716461181640625e-05}, "51": {"qk": 3.9577484130859375e-05, "softmax": 1.5974044799804688e-05, "av": 3.6716461181640625e-05}, "45": {"qk": 3.8623809814453125e-05, "softmax": 1.5735626220703125e-05, "av": 3.3855438232421875e-05}, "50": {"qk": 4.553794860839844e-05, "softmax": 1.9073486328125e-05, "av": 3.886222839355469e-05}, "46": {"qk": 5.2928924560546875e-05, "softmax": 2.0742416381835938e-05, "av": 4.172325134277344e-05}, "49": {"qk": 5.888938903808594e-05, "softmax": 2.574920654296875e-05, "av": 5.054473876953125e-05}}