{
    "18": [
        {
            "local_mp": 0.8512897491455078,
            "global_mp": 0.0010192394256591797,
            "attention_ops": {
                "qk": 0.00011396408081054688,
                "softmax": 7.510185241699219e-05,
                "av": 5.14984130859375e-05
            }
        }
    ],
    "17": [
        {
            "local_mp": 0.0011303424835205078,
            "global_mp": 0.0005574226379394531,
            "attention_ops": {
                "qk": 4.7206878662109375e-05,
                "softmax": 2.1696090698242188e-05,
                "av": 4.887580871582031e-05
            }
        }
    ],
    "16": [
        {
            "local_mp": 0.0008919239044189453,
            "global_mp": 0.0005819797515869141,
            "attention_ops": {
                "qk": 4.982948303222656e-05,
                "softmax": 2.1219253540039062e-05,
                "av": 4.172325134277344e-05
            }
        }
    ],
    "15": [
        {
            "local_mp": 0.0007843971252441406,
            "global_mp": 0.0005152225494384766,
            "attention_ops": {
                "qk": 4.076957702636719e-05,
                "softmax": 1.8835067749023438e-05,
                "av": 3.838539123535156e-05
            }
        }
    ],
    "14": [
        {
            "local_mp": 0.0007765293121337891,
            "global_mp": 0.0005033016204833984,
            "attention_ops": {
                "qk": 3.981590270996094e-05,
                "softmax": 1.811981201171875e-05,
                "av": 3.814697265625e-05
            }
        }
    ],
    "13": [
        {
            "local_mp": 0.0007634162902832031,
            "global_mp": 0.0004978179931640625,
            "attention_ops": {
                "qk": 3.838539123535156e-05,
                "softmax": 1.6450881958007812e-05,
                "av": 3.838539123535156e-05
            }
        }
    ],
    "11": [
        {
            "local_mp": 0.0007953643798828125,
            "global_mp": 0.000530242919921875,
            "attention_ops": {
                "qk": 4.2438507080078125e-05,
                "softmax": 1.7642974853515625e-05,
                "av": 4.00543212890625e-05
            }
        }
    ],
    "12": [
        {
            "local_mp": 0.0007631778717041016,
            "global_mp": 0.0004918575286865234,
            "attention_ops": {
                "qk": 3.7670135498046875e-05,
                "softmax": 1.5974044799804688e-05,
                "av": 3.647804260253906e-05
            }
        }
    ],
    "10": [
        {
            "local_mp": 0.00075531005859375,
            "global_mp": 0.00048089027404785156,
            "attention_ops": {
                "qk": 3.647804260253906e-05,
                "softmax": 1.5974044799804688e-05,
                "av": 3.552436828613281e-05
            }
        }
    ],
    "20": [
        {
            "local_mp": 0.0007836818695068359,
            "global_mp": 0.0005047321319580078,
            "attention_ops": {
                "qk": 3.9577484130859375e-05,
                "softmax": 1.6689300537109375e-05,
                "av": 3.695487976074219e-05
            }
        }
    ],
    "19": [
        {
            "local_mp": 0.0011794567108154297,
            "global_mp": 0.0004830360412597656,
            "attention_ops": {
                "qk": 3.695487976074219e-05,
                "softmax": 1.5735626220703125e-05,
                "av": 3.528594970703125e-05
            }
        }
    ],
    "21": [
        {
            "local_mp": 0.0011553764343261719,
            "global_mp": 0.0009953975677490234,
            "attention_ops": {
                "qk": 0.0002875328063964844,
                "softmax": 1.9550323486328125e-05,
                "av": 5.030632019042969e-05
            }
        }
    ],
    "23": [
        {
            "local_mp": 0.0007750988006591797,
            "global_mp": 0.001070261001586914,
            "attention_ops": {
                "qk": 0.0003192424774169922,
                "softmax": 3.0040740966796875e-05,
                "av": 4.2438507080078125e-05
            }
        }
    ],
    "22": [
        {
            "local_mp": 0.0007691383361816406,
            "global_mp": 0.00048613548278808594,
            "attention_ops": {
                "qk": 3.814697265625e-05,
                "softmax": 1.52587890625e-05,
                "av": 3.62396240234375e-05
            }
        }
    ],
    "24": [
        {
            "local_mp": 0.0008652210235595703,
            "global_mp": 0.0005180835723876953,
            "attention_ops": {
                "qk": 4.124641418457031e-05,
                "softmax": 1.621246337890625e-05,
                "av": 3.8623809814453125e-05
            }
        }
    ],
    "25": [
        {
            "local_mp": 0.00077056884765625,
            "global_mp": 0.0011475086212158203,
            "attention_ops": {
                "qk": 0.00041413307189941406,
                "softmax": 1.7881393432617188e-05,
                "av": 6.246566772460938e-05
            }
        }
    ],
    "26": [
        {
            "local_mp": 0.0007710456848144531,
            "global_mp": 0.0007870197296142578,
            "attention_ops": {
                "qk": 3.814697265625e-05,
                "softmax": 1.8358230590820312e-05,
                "av": 4.100799560546875e-05
            }
        }
    ],
    "32": [
        {
            "local_mp": 0.0008792877197265625,
            "global_mp": 0.0011096000671386719,
            "attention_ops": {
                "qk": 0.0003578662872314453,
                "softmax": 1.7642974853515625e-05,
                "av": 4.0531158447265625e-05
            }
        }
    ],
    "35": [
        {
            "local_mp": 0.0008783340454101562,
            "global_mp": 0.0010905265808105469,
            "attention_ops": {
                "qk": 0.00033926963806152344,
                "softmax": 1.9311904907226562e-05,
                "av": 4.1484832763671875e-05
            }
        }
    ],
    "28": [
        {
            "local_mp": 0.0009164810180664062,
            "global_mp": 0.0005846023559570312,
            "attention_ops": {
                "qk": 4.839897155761719e-05,
                "softmax": 2.09808349609375e-05,
                "av": 4.458427429199219e-05
            }
        }
    ],
    "34": [
        {
            "local_mp": 0.0008628368377685547,
            "global_mp": 0.0005803108215332031,
            "attention_ops": {
                "qk": 4.673004150390625e-05,
                "softmax": 1.9311904907226562e-05,
                "av": 4.553794860839844e-05
            }
        }
    ],
    "27": [
        {
            "local_mp": 0.0008568763732910156,
            "global_mp": 0.0005278587341308594,
            "attention_ops": {
                "qk": 4.172325134277344e-05,
                "softmax": 1.8596649169921875e-05,
                "av": 4.0531158447265625e-05
            }
        }
    ],
    "31": [
        {
            "local_mp": 0.0007815361022949219,
            "global_mp": 0.0004954338073730469,
            "attention_ops": {
                "qk": 3.814697265625e-05,
                "softmax": 1.6689300537109375e-05,
                "av": 3.838539123535156e-05
            }
        }
    ],
    "30": [
        {
            "local_mp": 0.0007736682891845703,
            "global_mp": 0.0005230903625488281,
            "attention_ops": {
                "qk": 4.0531158447265625e-05,
                "softmax": 1.6927719116210938e-05,
                "av": 4.00543212890625e-05
            }
        }
    ],
    "37": [
        {
            "local_mp": 0.0007784366607666016,
            "global_mp": 0.0012197494506835938,
            "attention_ops": {
                "qk": 0.0004673004150390625,
                "softmax": 1.8835067749023438e-05,
                "av": 4.315376281738281e-05
            }
        }
    ],