{"epoch": 1705, "time_epoch": 15.98428, "time_epoch_std": 0.0, "eta": 4781.38091, "eta_std": 0.0, "eta_hours": 1.32816, "eta_hours_std": 0.0, "loss": 0.03051, "loss_std": 0.0, "lr": 6e-05, "lr_std": 0.0, "params": 2172365.0, "params_std": 0.0, "time_iter": 0.10181, "time_iter_std": 0.0, "mae": 0.03051, "mae_std": 0.0, "r2": 0.99953, "r2_std": 0.0, "spearmanr": 0.99972, "spearmanr_std": 0.0, "mse": 0.00189, "mse_std": 0.0, "rmse": 0.04348, "rmse_std": 0.0}
