{"epoch": 9, "time_epoch": 21.66874, "time_epoch_std": 0.0, "eta": 53061.98398, "eta_std": 0.0, "eta_hours": 14.73944, "eta_hours_std": 0.0, "loss": 0.506, "loss_std": 0.0, "lr": 0.0009, "lr_std": 0.0, "params": 10340429.0, "params_std": 0.0, "time_iter": 0.13802, "time_iter_std": 0.0, "mae": 0.506, "mae_std": 0.0, "r2": 0.74122, "r2_std": 0.0, "spearmanr": 0.93237, "spearmanr_std": 0.0, "mse": 1.04634, "mse_std": 0.0, "rmse": 1.02291, "rmse_std": 0.0}
