{"epoch": 880, "time_epoch": 26.4532, "time_epoch_std": 0.0, "eta": 27861.36311, "eta_std": 0.0, "eta_hours": 7.73927, "eta_hours_std": 0.0, "loss": 0.03171, "loss_std": 0.0, "lr": 0.00062, "lr_std": 0.0, "params": 445773.0, "params_std": 0.0, "time_iter": 0.16849, "time_iter_std": 0.0, "mae": 0.03171, "mae_std": 0.0, "r2": 0.99951, "r2_std": 0.0, "spearmanr": 0.99975, "spearmanr_std": 0.0, "mse": 0.00199, "mse_std": 0.0, "rmse": 0.04466, "rmse_std": 0.0}
