{"epoch": 135, "time_epoch": 652.92833, "time_epoch_std": 0.0, "eta": 9208.64108, "eta_std": 0.0, "eta_hours": 2.55796, "eta_hours_std": 0.0, "loss": 0.07751, "loss_std": 0.0, "lr": 1e-05, "lr_std": 0.0, "params": 22374081.0, "params_std": 0.0, "time_iter": 0.51738, "time_iter_std": 0.0, "mae": 0.07751, "mae_std": 0.0, "r2": 0.98946, "r2_std": 0.0, "spearmanr": 0.99414, "spearmanr_std": 0.0, "mse": 0.01467, "mse_std": 0.0, "rmse": 0.12112, "rmse_std": 0.0}
