{"epoch": 148, "time_epoch": 191.16993, "time_epoch_std": 0.0, "eta": 182.88758, "eta_std": 0.0, "eta_hours": 0.0508, "eta_hours_std": 0.0, "loss": 0.05469, "loss_std": 0.0, "lr": 0.0, "lr_std": 0.0, "params": 19413441.0, "params_std": 0.0, "time_iter": 0.15148, "time_iter_std": 0.0, "mae": 0.05469, "mae_std": 0.0, "r2": 0.99489, "r2_std": 0.0, "spearmanr": 0.99706, "spearmanr_std": 0.0, "mse": 0.00711, "mse_std": 0.0, "rmse": 0.08435, "rmse_std": 0.0}
