{"epoch": 91, "time_epoch": 166.37805, "time_epoch_std": 0.0, "eta": 1298.9166, "eta_std": 0.0, "eta_hours": 0.36081, "eta_hours_std": 0.0, "loss": 0.05335, "loss_std": 0.0, "lr": 1e-05, "lr_std": 0.0, "params": 5854401.0, "params_std": 0.0, "time_iter": 0.13184, "time_iter_std": 0.0, "mae": 0.05335, "mae_std": 0.0, "r2": 0.99372, "r2_std": 0.0, "spearmanr": 0.99658, "spearmanr_std": 0.0, "mse": 0.00874, "mse_std": 0.0, "rmse": 0.09349, "rmse_std": 0.0}
