{"epoch": 1265, "time_epoch": 11.85698, "time_epoch_std": 0.0, "eta": 10504.75005, "eta_std": 0.0, "eta_hours": 2.91799, "eta_hours_std": 0.0, "loss": 0.02163, "loss_std": 0.0, "lr": 0.00031, "lr_std": 0.0, "params": 729805.0, "params_std": 0.0, "time_iter": 0.07552, "time_iter_std": 0.0, "mae": 0.02163, "mae_std": 0.0, "r2": 0.99974, "r2_std": 0.0, "spearmanr": 0.99988, "spearmanr_std": 0.0, "mse": 0.00105, "mse_std": 0.0, "rmse": 0.03247, "rmse_std": 0.0}
