{"epoch": 114, "time_epoch": 775.37594, "time_epoch_std": 0.0, "eta": 27084.89091, "eta_std": 0.0, "eta_hours": 7.52358, "eta_hours_std": 0.0, "loss": 0.0956, "loss_std": 0.0, "lr": 3e-05, "lr_std": 0.0, "params": 79015233.0, "params_std": 0.0, "time_iter": 0.6144, "time_iter_std": 0.0, "mae": 0.0956, "mae_std": 0.0, "r2": 0.98442, "r2_std": 0.0, "spearmanr": 0.99165, "spearmanr_std": 0.0, "mse": 0.02168, "mse_std": 0.0, "rmse": 0.14723, "rmse_std": 0.0}
