{"epoch": 144, "time_epoch": 250.02955, "time_epoch_std": 0.0, "eta": 1255.6352, "eta_std": 0.0, "eta_hours": 0.34879, "eta_hours_std": 0.0, "loss": 0.11232, "loss_std": 0.0, "lr": 0.0, "lr_std": 0.0, "params": 41284929.0, "params_std": 0.0, "time_iter": 0.19812, "time_iter_std": 0.0, "mae": 0.11232, "mae_std": 0.0, "r2": 0.97868, "r2_std": 0.0, "spearmanr": 0.98877, "spearmanr_std": 0.0, "mse": 0.02968, "mse_std": 0.0, "rmse": 0.17228, "rmse_std": 0.0}
