{"epoch": 2305, "time_epoch": 48.25758, "time_epoch_std": 0.0, "eta": 9481.87017, "eta_std": 0.0, "eta_hours": 2.63385, "eta_hours_std": 0.0, "loss": 0.152, "loss_std": 0.0, "lr": 8e-05, "lr_std": 0.0, "params": 11922509.0, "params_std": 0.0, "time_iter": 0.30737, "time_iter_std": 0.0, "mae": 0.152, "mae_std": 0.0, "r2": 0.88846, "r2_std": 0.0, "spearmanr": 0.98879, "spearmanr_std": 0.0, "mse": 0.45102, "mse_std": 0.0, "rmse": 0.67158, "rmse_std": 0.0}
