{"epoch": 1954, "time_epoch": 23.69361, "time_epoch_std": 0.0, "eta": 1060.98127, "eta_std": 0.0, "eta_hours": 0.29472, "eta_hours_std": 0.0, "loss": 0.0344, "loss_std": 0.0, "lr": 0.0, "lr_std": 0.0, "params": 6756045.0, "params_std": 0.0, "time_iter": 0.15091, "time_iter_std": 0.0, "mae": 0.0344, "mae_std": 0.0, "r2": 0.99929, "r2_std": 0.0, "spearmanr": 0.99965, "spearmanr_std": 0.0, "mse": 0.00288, "mse_std": 0.0, "rmse": 0.05364, "rmse_std": 0.0}
