{"epoch": 98, "time_epoch": 2106.50134, "time_epoch_std": 0.0, "eta": 2121.33712, "eta_std": 0.0, "eta_hours": 0.58926, "eta_hours_std": 0.0, "loss": 0.06007, "loss_std": 0.0, "lr": 0.0, "lr_std": 0.0, "params": 6221557.0, "params_std": 0.0, "time_iter": 0.16702, "time_iter_std": 0.0, "mae": 0.06007, "mae_std": 0.0, "r2": 0.98998, "r2_std": 0.0, "spearmanr": 0.99452, "spearmanr_std": 0.0, "mse": 0.01353, "mse_std": 0.0, "rmse": 0.11632, "rmse_std": 0.0}
