{"epoch": 1883, "time_epoch": 39.20324, "time_epoch_std": 0.0, "eta": 24015.54529, "eta_std": 0.0, "eta_hours": 6.67098, "eta_hours_std": 0.0, "loss": 0.09891, "loss_std": 0.0, "lr": 0.00074, "lr_std": 0.0, "params": 32351309.0, "params_std": 0.0, "time_iter": 0.2497, "time_iter_std": 0.0, "mae": 0.09891, "mae_std": 0.0, "r2": 0.90462, "r2_std": 0.0, "spearmanr": 0.99351, "spearmanr_std": 0.0, "mse": 0.38567, "mse_std": 0.0, "rmse": 0.62103, "rmse_std": 0.0}
