{"epoch": 1206, "time_epoch": 11.45949, "time_epoch_std": 0.0, "eta": 9522.85353, "eta_std": 0.0, "eta_hours": 2.64524, "eta_hours_std": 0.0, "loss": 0.02217, "loss_std": 0.0, "lr": 0.00036, "lr_std": 0.0, "params": 387085.0, "params_std": 0.0, "time_iter": 0.07299, "time_iter_std": 0.0, "mae": 0.02217, "mae_std": 0.0, "r2": 0.99974, "r2_std": 0.0, "spearmanr": 0.99987, "spearmanr_std": 0.0, "mse": 0.00105, "mse_std": 0.0, "rmse": 0.03238, "rmse_std": 0.0}
