{"epoch": 145, "time_epoch": 630.27853, "time_epoch_std": 0.0, "eta": 2523.76215, "eta_std": 0.0, "eta_hours": 0.70105, "eta_hours_std": 0.0, "loss": 0.06001, "loss_std": 0.0, "lr": 0.0, "lr_std": 0.0, "params": 29232321.0, "params_std": 0.0, "time_iter": 0.49943, "time_iter_std": 0.0, "mae": 0.06001, "mae_std": 0.0, "r2": 0.99366, "r2_std": 0.0, "spearmanr": 0.99645, "spearmanr_std": 0.0, "mse": 0.00882, "mse_std": 0.0, "rmse": 0.09393, "rmse_std": 0.0}
